MovieID,Title,Description,Genres,Actors,Director,Year,Rating
1,The Shawshank Redemption,"Two imprisoned men bond over a number of years, finding solace and eventual redemption through acts of common decency.","Drama","Tim Robbins,Morgan Freeman,Bob Gunton","Frank Darabont",1994,9.3
2,The Godfather,"An organized crime dynasty's aging patriarch transfers control of his clandestine empire to his reluctant son.","Crime,Drama","Marlon Brando,Al Pacino,James Caan","Francis Ford Coppola",1972,9.2
3,The Dark Knight,"When the menace known as the Joker emerges, chaos ensues in Gotham City.","Action,Crime,Drama","Christian Bale,Heath Ledger,Aaron Eckhart","Christopher Nolan",2008,9.0
4,Pulp Fiction,"The lives of two mob hitmen, a boxer, a gangster and his wife, and a pair of diner bandits intertwine in four tales of violence and redemption.","Crime,Drama","John Travolta,Samuel L. Jackson,Uma Thurman","Quentin Tarantino",1994,8.9
5,The Lord of the Rings: The Fellowship of the Ring,"A meek Hobbit from the Shire and eight companions set out on a journey to destroy the powerful One Ring and save Middle-earth from the Dark Lord Sauron.","Adventure,Fantasy","Elijah Wood,Ian McKellen,Viggo Mortensen","Peter Jackson",2001,8.8
6,Forrest Gump,"The presidencies of Kennedy and Johnson, the events of Vietnam, Watergate, and other historical events unfold through the perspective of an Alabama man with an IQ of 75.","Drama,Romance","Tom Hanks,Robin Wright,Gary Sinise","Robert Zemeckis",1994,8.8
7,Inception,"A thief who steals corporate secrets through the use of dream-sharing technology is given the inverse task of planting an idea into the mind of a C.E.O.","Action,Adventure,Sci-Fi","Leonardo DiCaprio,Joseph Gordon-Levitt,Ellen Page","Christopher Nolan",2010,8.8
8,The Matrix,"A computer hacker learns from mysterious rebels about the true nature of his reality and his role in the war against its controllers.","Action,Sci-Fi","Keanu Reeves,Laurence Fishburne,Carrie-Anne Moss","Lana Wachowski,Lilly Wachowski",1999,8.7
9,Goodfellas,"The story of Henry Hill and his life in the mob, covering his relationship with his wife Karen Hill and his mob partners Jimmy Conway and Tommy DeVito in the Italian-American crime syndicate.","Biography,Crime,Drama","Robert De Niro,Ray Liotta,Joe Pesci","Martin Scorsese",1990,8.7
10,Fight Club,"An insomniac office worker and a devil-may-care soapmaker form an underground fight club that evolves into something much, much more.","Drama","Brad Pitt,Edward Norton,Helena Bonham Carter","David Fincher",1999,8.8
11,The Silence of the Lambs,"A young F.B.I. cadet must receive the help of an incarcerated and manipulative cannibal killer to help catch another serial killer.","Crime,Drama,Thriller","Jodie Foster,Anthony Hopkins,Lawrence A. Bonney","Jonathan Demme",1991,8.6
12,Interstellar,"A team of explorers travel through a wormhole in space in an attempt to ensure humanity's survival.","Adventure,Drama,Sci-Fi","Matthew McConaughey,Anne Hathaway,Jessica Chastain","Christopher Nolan",2014,8.6
13,The Green Mile,"The lives of guards on Death Row are affected by one of their charges: a black man accused of child murder and rape, yet who has a mysterious gift.","Crime,Drama,Fantasy","Tom Hanks,David Morse,Bonnie Hunt","Frank Darabont",1999,8.6
14,Parasite,"Greed and class discrimination threaten the newly formed symbiotic relationship between the wealthy Park family and the destitute Kim clan.","Comedy,Drama,Thriller","Song Kang-ho,Lee Sun-kyun,Cho Yeo-jeong","Bong Joon Ho",2019,8.6
15,Gladiator,"A former Roman General sets out to exact vengeance against the corrupt emperor who murdered his family and sent him into slavery.","Action,Adventure,Drama","Russell Crowe,Joaquin Phoenix,Connie Nielsen","Ridley Scott",2000,8.5
16,The Departed,"An undercover cop and a mole in the police attempt to identify each other while infiltrating an Irish gang in South Boston.","Crime,Drama,Thriller","Leonardo DiCaprio,Matt Damon,Jack Nicholson","Martin Scorsese",2006,8.5
17,The Prestige,"After a tragic accident, two stage magicians engage in a battle to create the ultimate illusion while sacrificing everything they have to outwit each other.","Drama,Mystery,Sci-Fi","Christian Bale,Hugh Jackman,Scarlett Johansson","Christopher Nolan",2006,8.5
18,Whiplash,"A promising young drummer enrolls at a cut-throat music conservatory where his dreams of greatness are mentored by an instructor who will stop at nothing to realize a student's potential.","Drama,Music","Miles Teller,J.K. Simmons,Melissa Benoist","Damien Chazelle",2014,8.5
19,The Lion King,"Lion prince Simba and his father are targeted by his bitter uncle, who wants to ascend the throne himself.","Animation,Adventure,Drama","Matthew Broderick,Jeremy Irons,James Earl Jones","Roger Allers,Rob Minkoff",1994,8.5
20,Avengers: Infinity War,"The Avengers and their allies must be willing to sacrifice all in an attempt to defeat the powerful Thanos before his blitz of devastation and ruin puts an end to the universe.","Action,Adventure,Sci-Fi","Robert Downey Jr.,Chris Hemsworth,Mark Ruffalo","Anthony Russo,Joe Russo",2018,8.4
21,The Usual Suspects,"A sole survivor tells of the twisty events leading up to a horrific gun battle on a boat, which began when five criminals met at a seemingly random police lineup.","Crime,Drama,Mystery","Kevin Spacey,Gabriel Byrne,Chazz Palminteri","Bryan Singer",1995,8.5
22,Se7en,"Two detectives, a rookie and a veteran, hunt a serial killer who uses the seven deadly sins as his motives.","Crime,Drama,Mystery","Morgan Freeman,Brad Pitt,Kevin Spacey","David Fincher",1995,8.6
23,The Pianist,"A Polish Jewish musician struggles to survive the destruction of the Warsaw ghetto of World War II.","Biography,Drama,Music","Adrien Brody,Thomas Kretschmann,Frank Finlay","Roman Polanski",2002,8.5
24,Terminator 2: Judgment Day,"A cyborg, identical to the one who failed to kill Sarah Connor, must now protect her teenage son, John Connor, from a more advanced and powerful cyborg.","Action,Sci-Fi","Arnold Schwarzenegger,Linda Hamilton,Edward Furlong","James Cameron",1991,8.5
25,Back to the Future,"Marty McFly, a 17-year-old high school student, is accidentally sent thirty years into the past in a time-traveling DeLorean invented by his close friend, the eccentric scientist Doc Brown.","Adventure,Comedy,Sci-Fi","Michael J. Fox,Christopher Lloyd,Lea Thompson","Robert Zemeckis",1985,8.5
26,The Shining,"A family heads to an isolated hotel for the winter where a sinister presence influences the father into violence, while his psychic son sees horrific forebodings from both past and future.","Drama,Horror","Jack Nicholson,Shelley Duvall,Danny Lloyd","Stanley Kubrick",1980,8.4
27,Alien,"After a space merchant vessel receives an unknown transmission as a distress call, one of the crew is attacked by a mysterious life form and they soon realize that its life cycle has merely begun.","Horror,Sci-Fi","Sigourney Weaver,Tom Skerritt,John Hurt","Ridley Scott",1979,8.4
28,The Truman Show,"An insurance salesman discovers his entire life is actually a reality TV show.","Comedy,Drama,Sci-Fi","Jim Carrey,Ed Harris,Laura Linney","Peter Weir",1998,8.1
29,The Grand Budapest Hotel,"The adventures of Gustave H, a legendary concierge at a famous hotel from the fictional Republic of Zubrowka between the first and second World Wars, and Zero Moustafa, the lobby boy who becomes his most trusted friend.","Adventure,Comedy,Crime","Ralph Fiennes,F. Murray Abraham,Mathieu Amalric","Wes Anderson",2014,8.1
30,Blade Runner,"A blade runner must pursue and terminate four replicants who stole a ship in space, and have returned to Earth to find their creator.","Sci-Fi,Thriller","Harrison Ford,Rutger Hauer,Sean Young","Ridley Scott",1982,8.1
31,The Social Network,"Harvard student Mark Zuckerberg creates the social networking site that would become known as Facebook, but is later sued by two brothers who claimed he stole their idea, and the co-founder who was later squeezed out of the business.","Biography,Drama","Jesse Eisenberg,Andrew Garfield,Justin Timberlake","David Fincher",2010,7.7
32,La La Land,"While navigating their careers in Los Angeles, a pianist and an actress fall in love while attempting to reconcile their aspirations for the future.","Comedy,Drama,Music","Ryan Gosling,Emma Stone,Rosemarie DeWitt","Damien Chazelle",2016,8.0
33,The Big Lebowski,"Jeff 'The Dude' Lebowski, mistaken for a millionaire of the same name, seeks restitution for his ruined rug and enlists his bowling buddies to help get it.","Comedy,Crime","Jeff Bridges,John Goodman,Julianne Moore","Joel Coen,Ethan Coen",1998,8.1
34,No Country for Old Men,"Violence and mayhem ensue after a hunter stumbles upon a drug deal gone wrong and more than two million dollars in cash near the Rio Grande.","Crime,Drama,Thriller","Tommy Lee Jones,Javier Bardem,Josh Brolin","Joel Coen,Ethan Coen",2007,8.1
35,The Sixth Sense,"A boy who communicates with spirits seeks the help of a disheartened child psychologist.","Drama,Mystery,Thriller","Bruce Haley,Joel Osment,Toni Collette","M. Night Shyamalan",1999,8.1
36,Gone Girl,"With his wife's disappearance having become the focus of an intense media circus, a man sees the spotlight turned on him when it's suspected that he may not be innocent.","Drama,Mystery,Thriller","Ben Affleck,Rosamund Pike,Neil Patrick Harris","David Fincher",2014,8.1
37,The Revenant,"A frontiersman on a fur trading expedition in the 1820s fights for survival after being mauled by a bear and left for dead by members of his own hunting team.","Adventure,Drama,Thriller","Leonardo DiCaprio,Tom Hardy,Will Poulter","Alejandro G. Iñárritu",2015,8.0
38,Mad Max: Fury Road,"In a post-apocalyptic wasteland, a woman rebels against a tyrannical ruler in search for her homeland with the aid of a group of female prisoners, a psychotic worshiper, and a drifter named Max.","Action,Adventure,Sci-Fi","Tom Hardy,Charlize Theron,Nicholas Hoult","George Miller",2015,8.1
39,The Wolf of Wall Street,"Based on the true story of Jordan Belfort, from his rise to a wealthy stockbroker living the high life to his fall involving crime, corruption and the federal government.","Biography,Comedy,Crime","Leonardo DiCaprio,Jonah Hill,Margot Robbie","Martin Scorsese",2013,8.2
40,Her,"In a near future, a lonely writer develops an unlikely relationship with an operating system designed to meet his every need.","Drama,Romance,Sci-Fi","Joaquin Phoenix,Amy Adams,Scarlett Johansson","Spike Jonze",2013,8.0
41,Arrival,"A linguist works with the military to communicate with alien lifeforms after twelve mysterious spacecraft appear around the world.","Drama,Mystery,Sci-Fi","Amy Adams,Jeremy Renner,Forest Whitaker","Denis Villeneuve",2016,7.9
42,Get Out,"A young African-American visits his white girlfriend's parents for the weekend, where his simmering uneasiness about their reception of him eventually reaches a boiling point.","Horror,Mystery,Thriller","Daniel Kaluuya,Allison Williams,Bradley Whitford","Jordan Peele",2017,7.7
43,Black Panther,"T'Challa, heir to the hidden but advanced kingdom of Wakanda, must step forward to lead his people into a new future and must confront a challenger from his country's past.","Action,Adventure,Sci-Fi","Chadwick Boseman,Michael B. Jordan,Lupita Nyong'o","Ryan Coogler",2018,7.3
44,Joker,"In Gotham City, mentally troubled comedian Arthur Fleck is disregarded and mistreated by society. He then embarks on a downward spiral of revolution and bloody crime.","Crime,Drama,Thriller","Joaquin Phoenix,Robert De Niro,Zazie Beetz","Todd Phillips",2019,8.4
45,1917,"April 6th, 1917. As a regiment assembles to wage war deep in enemy territory, two soldiers are assigned to race against time and deliver a message that will stop 1,600 men from walking straight into a deadly trap.","Drama,War","George MacKay,Dean-Charles Chapman,Mark Strong","Sam Mendes",2019,8.3
46,The Irishman,"Hitman Frank Sheeran looks back at the secrets he kept as a loyal member of the Bufalino crime family in this acclaimed film from Martin Scorsese.","Biography,Crime,Drama","Robert De Niro,Al Pacino,Joe Pesci","Martin Scorsese",2019,7.8
47,Parasite,"Greed and class discrimination threaten the newly formed symbiotic relationship between the wealthy Park family and the destitute Kim clan.","Comedy,Drama,Thriller","Song Kang-ho,Lee Sun-kyun,Cho Yeo-jeong","Bong Joon Ho",2019,8.6
48,Tenet,"Armed with only one word, Tenet, and fighting for the survival of the entire world, a Protagonist journeys through a twilight world of international espionage on a mission that will unfold in something beyond real time.","Action,Sci-Fi,Thriller","John David Washington,Robert Pattinson,Elizabeth Debicki","Christopher Nolan",2020,7.5
49,Dune,"Feature adaptation of Frank Herbert's science fiction novel about the son of a noble family entrusted with the protection of the most valuable asset and most vital element in the galaxy.","Action,Adventure,Drama","Timothée Chalamet,Rebecca Ferguson,Zendaya","Denis Villeneuve",2021,8.0
50,Everything Everywhere All at Once,"An aging Chinese immigrant is swept up in an insane adventure, where she alone can save the world by exploring other universes connecting with the lives she could have led.","Action,Adventure,Comedy","Michelle Yeoh,Stephanie Hsu,Ke Huy Quan","Daniel Kwan,Daniel Scheinert",2022,8.1